{"0": 0.9885258964143426, "1": 0.916107931316435, "2": 0.5317195325542571}